{
    "project name": "COVID-19 DEATH RATE VS. POVERTY: DETAILED ANALISYS" ,
    "author" : "Xinru Yang", 
    "linkedin": "url",
    "e_mail": "xyang0911@gmail.com",
    "project_title": "la cabecera de stramlit",
    "project_description": "The goal of this project is to analyse whether the ratio of higher deaths is related to countries with lower GDP per capita",
    "flask_port": 8080, 
    "streamlit_port": 8501,
    "links": "",
    "python_libraries_used": ["streamlit", "Flask", "pandas", "numpy", "json", "plotly", "seaborns", "os", "sys", "matplotlib" ]
}